connection_number,date,time,url
1,03-30-2014,21-31-04.720868,text-lb.eqiad.wikimedia.org
9,03-30-2014,21-31-05.125848,bits-lb.eqiad.wikimedia.org
10,03-30-2014,21-31-05.437535,upload-lb.eqiad.wikimedia.org
1618,03-30-2014,21-31-29.243285,edge-star-shv-10-iad1.facebook.com
1680,03-30-2014,21-31-29.615570,a23-67-243-58.deploy.static.akamaitechnologies.com
1693,03-30-2014,21-31-30.356372,host25.us.bosch.com
1706,03-30-2014,21-31-30.665172,xx-fbcdn-shv-04-iad1.fbcdn.net
1711,03-30-2014,21-31-30.980940,xx-fbcdn-shv-07-iad1.fbcdn.net
1796,03-30-2014,21-31-31.274703,host59.us.bosch.com
1811,03-30-2014,21-31-31.569252,ec2-174-129-237-237.compute-1.amazonaws.com
1818,03-30-2014,21-31-31.870615,a23-52-155-27.deploy.static.akamaitechnologies.com
1829,03-30-2014,21-31-32.189714,smtp.perfora.net.urd
1841,03-30-2014,21-31-32.534260,smtp.perfora.net.submission
1988,03-30-2014,21-31-32.904434,a184-28-17-168.deploy.static.akamaitechnologies.com
1990,03-30-2014,21-31-33.223088,204.93.35.155
2216,03-30-2014,21-31-34.942696,channelproxy-shv-13-prn1.facebook.com
